rank,node_id,centrality
1,649286213,0.1402465410870454
2,649286214,0.13944443589230462
3,1061487893,0.12530706458062874
4,929963021,0.12347998542715373
5,1074772659,0.11573285851852992
