Cluster,Pixels,Percentage,B02_mean,B03_mean,B04_mean,B08_mean,B11_mean,B12_mean,B02_std,B03_std,B04_std,B08_std,B11_std,B12_std,NDVI_mean,NDWI_mean,NDBI_mean,Visible_mean,SWIR_mean,Assigned_class_id,Assigned_class,Assigned_class_zh,Interpretation_reason
0,443506,27.82555775842598,0.12765217,0.15952437,0.13050878,0.5304031,0.3110741,0.19207264,0.013033619,0.015784906,0.014099835,0.049695026,0.029747473,0.020981956,0.60506356,-0.53756106,-0.26064724,0.13922845,0.25157338,1,Forest,森林,NIR 最高且 Red 低，NDVI 最高，呈現典型高密度植被光譜特徵。
1,584904,36.69686551057796,0.19026642,0.18247674,0.17092557,0.16877382,0.16821535,0.15699606,0.02843108,0.026439048,0.018296491,0.018616786,0.014886625,0.010571122,-0.00633428,0.039011724,-0.0016572166,0.18122292,0.1626057,0,Water,水體,各波段反射率整體偏低且光譜曲線平緩，NIR 與 SWIR 皆低，影像中主要對應海洋。
2,20342,1.2762566818079153,0.42746216,0.43753904,0.43360105,0.5278117,0.5166364,0.439397,0.10146272,0.09300629,0.094881974,0.097618304,0.08855592,0.086996,0.09799179,-0.093512714,-0.010699741,0.4328674,0.47801667,4,Built-up,建物／都市,所有波段反射率皆最高，亮度明顯高，較可能為亮色建物、都市地表或高反射人工／裸露面。
3,436939,27.413544306974174,0.1245584,0.14784156,0.12852386,0.41244388,0.27732378,0.18085247,0.013392891,0.014944845,0.015618553,0.04768262,0.028322987,0.021416979,0.5248363,-0.47226253,-0.1958919,0.13364127,0.22908813,2,Cropland,農地／低密度植被,NIR 明顯升高但低於森林群，具有植被特徵但強度較弱，較可能為農地或低密度植被。
4,108189,6.787775742213968,0.23841633,0.25897712,0.2560991,0.36777636,0.35812443,0.2890662,0.05111588,0.04600396,0.048408177,0.07407932,0.054041144,0.04661068,0.17900538,-0.17359151,-0.013296467,0.25116417,0.32359532,3,Bare/Landslide,裸地／崩塌,可見光、NIR 與 SWIR 皆偏中高，SWIR 反射率較高，符合裸露地或崩塌地特徵。
