mask,valid_pixels,total_pixels,valid_ratio_percent
valid_pre,5470540,5549182,98.58281815229704
valid_mid,4069926,5549182,73.34280980512082
valid_post,4327696,5549182,77.9879989519176
valid_intersection,3193096,5549182,57.541742188308106
